sgk_cart_id,cart_id,user_id,product_id,quantity,price,total_cart_value,record_create_name,record_create_datetime,record_update_name,record_update_datetime,source_system_code
8545fd4926537248e85f63b8ab6ab777,24,6,108,5,29.99,1749.9,Daniel Oselu,2024-12-12T08:35:49.864052,Daniel Oselu,2024-12-12T08:35:49.864052,PUBLIC_DUMMYJSON_API
3dcb83ce41b2ab1935e1d9b293c5d54a,24,6,134,4,249.99,1749.9,Daniel Oselu,2024-12-12T08:35:49.864052,Daniel Oselu,2024-12-12T08:35:49.864052,PUBLIC_DUMMYJSON_API
9b497dd555ca6f0e69b3df14038dffe4,24,6,174,1,599.99,1749.9,Daniel Oselu,2024-12-12T08:35:49.864052,Daniel Oselu,2024-12-12T08:35:49.864052,PUBLIC_DUMMYJSON_API
0097d9f20753f2e606a36c45693562b2,15,11,11,5,1899.99,11741.31,Daniel Oselu,2024-12-12T08:35:49.864052,Daniel Oselu,2024-12-12T08:35:49.864052,PUBLIC_DUMMYJSON_API
589ba3d21f34165364cb8725a7d58c56,15,11,133,3,699.99,11741.31,Daniel Oselu,2024-12-12T08:35:49.864052,Daniel Oselu,2024-12-12T08:35:49.864052,PUBLIC_DUMMYJSON_API
87fb6e52bc5224859a62fb87216ebbcc,15,11,111,3,12.99,11741.31,Daniel Oselu,2024-12-12T08:35:49.864052,Daniel Oselu,2024-12-12T08:35:49.864052,PUBLIC_DUMMYJSON_API
d50c45375e1bb3d64c86bd0d12c70e59,15,11,162,3,29.99,11741.31,Daniel Oselu,2024-12-12T08:35:49.864052,Daniel Oselu,2024-12-12T08:35:49.864052,PUBLIC_DUMMYJSON_API
a4a67097e8a310ada51b2017a9ceeb6e,15,11,30,5,2.49,11741.31,Daniel Oselu,2024-12-12T08:35:49.864052,Daniel Oselu,2024-12-12T08:35:49.864052,PUBLIC_DUMMYJSON_API
eed2530bc05f4dbb994b6afa4f9d70a7,38,15,44,5,29.99,3359.79,Daniel Oselu,2024-12-12T08:35:49.864052,Daniel Oselu,2024-12-12T08:35:49.864052,PUBLIC_DUMMYJSON_API
6dc9dde1649d6191fa1806e2b61195b9,38,15,68,3,24.99,3359.79,Daniel Oselu,2024-12-12T08:35:49.864052,Daniel Oselu,2024-12-12T08:35:49.864052,PUBLIC_DUMMYJSON_API
cdd3cc42c6b699a2169a156b3d4cd5c0,38,15,149,4,49.99,3359.79,Daniel Oselu,2024-12-12T08:35:49.864052,Daniel Oselu,2024-12-12T08:35:49.864052,PUBLIC_DUMMYJSON_API
f43bec88ca28a942def6fc6cc424e882,38,15,139,3,24.99,3359.79,Daniel Oselu,2024-12-12T08:35:49.864052,Daniel Oselu,2024-12-12T08:35:49.864052,PUBLIC_DUMMYJSON_API
419d0d9428829d828acc2111cc165351,38,15,150,2,29.99,3359.79,Daniel Oselu,2024-12-12T08:35:49.864052,Daniel Oselu,2024-12-12T08:35:49.864052,PUBLIC_DUMMYJSON_API
acebf728b5650c7121dc039fb6340d6f,38,15,133,4,699.99,3359.79,Daniel Oselu,2024-12-12T08:35:49.864052,Daniel Oselu,2024-12-12T08:35:49.864052,PUBLIC_DUMMYJSON_API
10b8e4dbccb23018cb901b4f826c9795,44,20,93,3,89.99,460.87,Daniel Oselu,2024-12-12T08:35:49.864052,Daniel Oselu,2024-12-12T08:35:49.864052,PUBLIC_DUMMYJSON_API
073bc0c3d04eb94d5d8fe01c71afd78a,44,20,4,2,12.99,460.87,Daniel Oselu,2024-12-12T08:35:49.864052,Daniel Oselu,2024-12-12T08:35:49.864052,PUBLIC_DUMMYJSON_API
0b2c093ac4e74db220d662703cdb8bda,44,20,140,5,14.99,460.87,Daniel Oselu,2024-12-12T08:35:49.864052,Daniel Oselu,2024-12-12T08:35:49.864052,PUBLIC_DUMMYJSON_API
3a24d3c9c6f555b102f7464752e261b7,44,20,83,3,29.99,460.87,Daniel Oselu,2024-12-12T08:35:49.864052,Daniel Oselu,2024-12-12T08:35:49.864052,PUBLIC_DUMMYJSON_API
08cb76110434e700e079814fcc3e10c4,8,23,117,2,7499.99,15685.86,Daniel Oselu,2024-12-12T08:35:49.864052,Daniel Oselu,2024-12-12T08:35:49.864052,PUBLIC_DUMMYJSON_API
6642423ec0eeccca6fb0a7f46b75b19c,8,23,18,4,8.99,15685.86,Daniel Oselu,2024-12-12T08:35:49.864052,Daniel Oselu,2024-12-12T08:35:49.864052,PUBLIC_DUMMYJSON_API
bdf072eb7ce62b4a074a86759eb82235,8,23,105,5,99.99,15685.86,Daniel Oselu,2024-12-12T08:35:49.864052,Daniel Oselu,2024-12-12T08:35:49.864052,PUBLIC_DUMMYJSON_API
466accbac9a66b805ba50e42ad715740,8,23,6,3,49.99,15685.86,Daniel Oselu,2024-12-12T08:35:49.864052,Daniel Oselu,2024-12-12T08:35:49.864052,PUBLIC_DUMMYJSON_API
41e8997b81e6b1ead08d0a2278d6a256,47,23,92,1,109.99,457.86,Daniel Oselu,2024-12-12T08:35:49.864052,Daniel Oselu,2024-12-12T08:35:49.864052,PUBLIC_DUMMYJSON_API
a11ebb84794d3f25ff9dd18160be35a0,47,23,93,3,89.99,457.86,Daniel Oselu,2024-12-12T08:35:49.864052,Daniel Oselu,2024-12-12T08:35:49.864052,PUBLIC_DUMMYJSON_API
c6e4e6e67da609c5c789d27f5f2fc403,47,23,38,4,5.99,457.86,Daniel Oselu,2024-12-12T08:35:49.864052,Daniel Oselu,2024-12-12T08:35:49.864052,PUBLIC_DUMMYJSON_API
b8e09126e2911a9ec0b461a96aad7552,47,23,33,3,4.99,457.86,Daniel Oselu,2024-12-12T08:35:49.864052,Daniel Oselu,2024-12-12T08:35:49.864052,PUBLIC_DUMMYJSON_API
f27fbfae3072039b363f18007bd8ae0d,47,23,53,3,12.99,457.86,Daniel Oselu,2024-12-12T08:35:49.864052,Daniel Oselu,2024-12-12T08:35:49.864052,PUBLIC_DUMMYJSON_API
027aac785add070b2d16dfd099f3392a,1,33,168,3,32999.99,103774.85,Daniel Oselu,2024-12-12T08:35:49.864052,Daniel Oselu,2024-12-12T08:35:49.864052,PUBLIC_DUMMYJSON_API
26fdb8d663e6e79c65e3a678201f3c13,1,33,78,2,1999.99,103774.85,Daniel Oselu,2024-12-12T08:35:49.864052,Daniel Oselu,2024-12-12T08:35:49.864052,PUBLIC_DUMMYJSON_API
f3b9e27888027315e9b64f8c65062c8c,1,33,183,5,24.99,103774.85,Daniel Oselu,2024-12-12T08:35:49.864052,Daniel Oselu,2024-12-12T08:35:49.864052,PUBLIC_DUMMYJSON_API
cfb782fa186895d5a896ff756fd03109,1,33,100,5,129.99,103774.85,Daniel Oselu,2024-12-12T08:35:49.864052,Daniel Oselu,2024-12-12T08:35:49.864052,PUBLIC_DUMMYJSON_API
6d8a8f39e45c6e1c49e075329bedb082,37,33,171,5,31999.99,160289.86,Daniel Oselu,2024-12-12T08:35:49.864052,Daniel Oselu,2024-12-12T08:35:49.864052,PUBLIC_DUMMYJSON_API
8da495be7b43cb3016264b8c1ad81db9,37,33,71,4,39.99,160289.86,Daniel Oselu,2024-12-12T08:35:49.864052,Daniel Oselu,2024-12-12T08:35:49.864052,PUBLIC_DUMMYJSON_API
47fb6036a935dd611ce8aa73c559806a,37,33,68,4,24.99,160289.86,Daniel Oselu,2024-12-12T08:35:49.864052,Daniel Oselu,2024-12-12T08:35:49.864052,PUBLIC_DUMMYJSON_API
38cbe08bb832bde3007427fc84fb932c,37,33,182,1,29.99,160289.86,Daniel Oselu,2024-12-12T08:35:49.864052,Daniel Oselu,2024-12-12T08:35:49.864052,PUBLIC_DUMMYJSON_API
7dff0c4dbc69b44c4cc2c63ecf3ce4db,48,33,40,2,3.99,10007.96,Daniel Oselu,2024-12-12T08:35:49.864052,Daniel Oselu,2024-12-12T08:35:49.864052,PUBLIC_DUMMYJSON_API
ac4f6c0fcb5c39456bb1b56ed0c5e1a1,48,33,190,2,4999.99,10007.96,Daniel Oselu,2024-12-12T08:35:49.864052,Daniel Oselu,2024-12-12T08:35:49.864052,PUBLIC_DUMMYJSON_API
c3dd701fb68b5f7532f8f4a17ef9ceca,43,35,182,1,29.99,179.96,Daniel Oselu,2024-12-12T08:35:49.864052,Daniel Oselu,2024-12-12T08:35:49.864052,PUBLIC_DUMMYJSON_API
176adc713f502cb17e7fc9f1979f76a8,43,35,149,3,49.99,179.96,Daniel Oselu,2024-12-12T08:35:49.864052,Daniel Oselu,2024-12-12T08:35:49.864052,PUBLIC_DUMMYJSON_API
bea7c78a418fdcb2f1708ffdee1016a0,13,41,85,2,34.99,793.07,Daniel Oselu,2024-12-12T08:35:49.864052,Daniel Oselu,2024-12-12T08:35:49.864052,PUBLIC_DUMMYJSON_API
7af3ba17ac4da52d972079b3fe4678ed,13,41,109,3,19.99,793.07,Daniel Oselu,2024-12-12T08:35:49.864052,Daniel Oselu,2024-12-12T08:35:49.864052,PUBLIC_DUMMYJSON_API
ab3bd1b583b523a1e19baad29deccadb,13,41,160,1,599.99,793.07,Daniel Oselu,2024-12-12T08:35:49.864052,Daniel Oselu,2024-12-12T08:35:49.864052,PUBLIC_DUMMYJSON_API
447fdf148233d914abd37d1a7fa0b0c4,13,41,163,3,19.99,793.07,Daniel Oselu,2024-12-12T08:35:49.864052,Daniel Oselu,2024-12-12T08:35:49.864052,PUBLIC_DUMMYJSON_API
483a99716e3721906fbb458d45616a13,13,41,31,4,0.79,793.07,Daniel Oselu,2024-12-12T08:35:49.864052,Daniel Oselu,2024-12-12T08:35:49.864052,PUBLIC_DUMMYJSON_API
428c4db276c6bcb334fc2bf7f38350e8,21,42,77,2,5.99,251.96,Daniel Oselu,2024-12-12T08:35:49.864052,Daniel Oselu,2024-12-12T08:35:49.864052,PUBLIC_DUMMYJSON_API
5fd3754809860453ba16643cb9256cc5,21,42,91,2,119.99,251.96,Daniel Oselu,2024-12-12T08:35:49.864052,Daniel Oselu,2024-12-12T08:35:49.864052,PUBLIC_DUMMYJSON_API
d4aa55c627aa0015ee8c5f7b495001e0,45,50,50,2,9.99,260.89,Daniel Oselu,2024-12-12T08:35:49.864052,Daniel Oselu,2024-12-12T08:35:49.864052,PUBLIC_DUMMYJSON_API
ec27547286f33b78455df27a132e47f0,45,50,29,4,3.99,260.89,Daniel Oselu,2024-12-12T08:35:49.864052,Daniel Oselu,2024-12-12T08:35:49.864052,PUBLIC_DUMMYJSON_API
de42d6f433430fac38c62fd2a73a4589,45,50,144,5,44.99,260.89,Daniel Oselu,2024-12-12T08:35:49.864052,Daniel Oselu,2024-12-12T08:35:49.864052,PUBLIC_DUMMYJSON_API
84cecd2c938bda36a7c7a5c0e0b7165e,50,52,25,1,1.29,36.28,Daniel Oselu,2024-12-12T08:35:49.864052,Daniel Oselu,2024-12-12T08:35:49.864052,PUBLIC_DUMMYJSON_API
3fd85d5dfdaf589955b510f391ab70a4,50,52,85,1,34.99,36.28,Daniel Oselu,2024-12-12T08:35:49.864052,Daniel Oselu,2024-12-12T08:35:49.864052,PUBLIC_DUMMYJSON_API
3cf49b29a83358d6fc28eff56e0c3366,19,59,187,3,49.99,933.87,Daniel Oselu,2024-12-12T08:35:49.864052,Daniel Oselu,2024-12-12T08:35:49.864052,PUBLIC_DUMMYJSON_API
a4426587e769adc306366918afec87b6,19,59,153,5,11.99,933.87,Daniel Oselu,2024-12-12T08:35:49.864052,Daniel Oselu,2024-12-12T08:35:49.864052,PUBLIC_DUMMYJSON_API
17686896f6fbc4c4cc91d7ef5201deab,19,59,34,3,7.99,933.87,Daniel Oselu,2024-12-12T08:35:49.864052,Daniel Oselu,2024-12-12T08:35:49.864052,PUBLIC_DUMMYJSON_API
d250522d085f35737bafbbd9b909fc8a,19,59,130,2,349.99,933.87,Daniel Oselu,2024-12-12T08:35:49.864052,Daniel Oselu,2024-12-12T08:35:49.864052,PUBLIC_DUMMYJSON_API
57b68c225a74b3b412d9760ba1b35f77,26,66,37,5,1.99,459.92,Daniel Oselu,2024-12-12T08:35:49.864052,Daniel Oselu,2024-12-12T08:35:49.864052,PUBLIC_DUMMYJSON_API
4a88f860fb548bfcadb2d778536e68a9,26,66,128,3,149.99,459.92,Daniel Oselu,2024-12-12T08:35:49.864052,Daniel Oselu,2024-12-12T08:35:49.864052,PUBLIC_DUMMYJSON_API
19ec30eaa53ec9419f881a6f93bf026a,42,67,113,3,3999.99,12059.93,Daniel Oselu,2024-12-12T08:35:49.864052,Daniel Oselu,2024-12-12T08:35:49.864052,PUBLIC_DUMMYJSON_API
7554d0175e48a030b7ec9b7030c63587,42,67,64,4,14.99,12059.93,Daniel Oselu,2024-12-12T08:35:49.864052,Daniel Oselu,2024-12-12T08:35:49.864052,PUBLIC_DUMMYJSON_API
ba3f13509d62673aaa1833d330454d64,27,75,33,1,4.99,190.89,Daniel Oselu,2024-12-12T08:35:49.864052,Daniel Oselu,2024-12-12T08:35:49.864052,PUBLIC_DUMMYJSON_API
414b589dc0043f5b9a4b606c02cc05f8,27,75,110,2,14.99,190.89,Daniel Oselu,2024-12-12T08:35:49.864052,Daniel Oselu,2024-12-12T08:35:49.864052,PUBLIC_DUMMYJSON_API
13c7b14161012321774d7bf3ffa559ae,27,75,16,3,1.99,190.89,Daniel Oselu,2024-12-12T08:35:49.864052,Daniel Oselu,2024-12-12T08:35:49.864052,PUBLIC_DUMMYJSON_API
7c460c58f52ac801c92a1ca2276d8c3a,27,75,83,5,29.99,190.89,Daniel Oselu,2024-12-12T08:35:49.864052,Daniel Oselu,2024-12-12T08:35:49.864052,PUBLIC_DUMMYJSON_API
d056c2157ed7fed472311ca5b2cbfe37,39,81,179,3,79.99,44376.84,Daniel Oselu,2024-12-12T08:35:49.864052,Daniel Oselu,2024-12-12T08:35:49.864052,PUBLIC_DUMMYJSON_API
11f13b14aed072e93e611759d9aa090f,39,81,39,1,1.99,44376.84,Daniel Oselu,2024-12-12T08:35:49.864052,Daniel Oselu,2024-12-12T08:35:49.864052,PUBLIC_DUMMYJSON_API
9ac10f5c017f848f77a3da1c8ba3c294,39,81,143,1,29.99,44376.84,Daniel Oselu,2024-12-12T08:35:49.864052,Daniel Oselu,2024-12-12T08:35:49.864052,PUBLIC_DUMMYJSON_API
77657489849b520529e56265f39a5724,39,81,18,4,8.99,44376.84,Daniel Oselu,2024-12-12T08:35:49.864052,Daniel Oselu,2024-12-12T08:35:49.864052,PUBLIC_DUMMYJSON_API
ed434e0ee70cdc146aff8d974a45f4dc,39,81,158,3,22.99,44376.84,Daniel Oselu,2024-12-12T08:35:49.864052,Daniel Oselu,2024-12-12T08:35:49.864052,PUBLIC_DUMMYJSON_API
8f55826b9b065bd3506982923e68b660,39,81,97,4,10999.99,44376.84,Daniel Oselu,2024-12-12T08:35:49.864052,Daniel Oselu,2024-12-12T08:35:49.864052,PUBLIC_DUMMYJSON_API
518b7e57e8277e111928209e9e5a3567,7,86,167,5,28999.99,145651.89,Daniel Oselu,2024-12-12T08:35:49.864052,Daniel Oselu,2024-12-12T08:35:49.864052,PUBLIC_DUMMYJSON_API
186a6785333315317e867dc1cb26be27,7,86,111,4,12.99,145651.89,Daniel Oselu,2024-12-12T08:35:49.864052,Daniel Oselu,2024-12-12T08:35:49.864052,PUBLIC_DUMMYJSON_API
1634d30e601fc72728e8e42329b7264e,7,86,129,2,299.99,145651.89,Daniel Oselu,2024-12-12T08:35:49.864052,Daniel Oselu,2024-12-12T08:35:49.864052,PUBLIC_DUMMYJSON_API
9ecfb6fc37eb0098a5878362ae236587,49,86,15,4,799.99,7016.77,Daniel Oselu,2024-12-12T08:35:49.864052,Daniel Oselu,2024-12-12T08:35:49.864052,PUBLIC_DUMMYJSON_API
2c7638fcc4286026164bf0d9ff9c73bd,49,86,76,3,11.99,7016.77,Daniel Oselu,2024-12-12T08:35:49.864052,Daniel Oselu,2024-12-12T08:35:49.864052,PUBLIC_DUMMYJSON_API
acfdfa54b3996f2d52fae3c74892fda8,49,86,39,3,1.99,7016.77,Daniel Oselu,2024-12-12T08:35:49.864052,Daniel Oselu,2024-12-12T08:35:49.864052,PUBLIC_DUMMYJSON_API
c43461b1d8c48c4f9c217aed67a94d32,49,86,158,5,22.99,7016.77,Daniel Oselu,2024-12-12T08:35:49.864052,Daniel Oselu,2024-12-12T08:35:49.864052,PUBLIC_DUMMYJSON_API
18e43d75bc06cf3661a05d79822d4905,49,86,110,4,14.99,7016.77,Daniel Oselu,2024-12-12T08:35:49.864052,Daniel Oselu,2024-12-12T08:35:49.864052,PUBLIC_DUMMYJSON_API
37f66737c428492a45430256dc7a1b71,49,86,124,4,899.99,7016.77,Daniel Oselu,2024-12-12T08:35:49.864052,Daniel Oselu,2024-12-12T08:35:49.864052,PUBLIC_DUMMYJSON_API
4d120154c5816dfa489154bb2b8b0ccd,4,87,187,5,49.99,456.83,Daniel Oselu,2024-12-12T08:35:49.864052,Daniel Oselu,2024-12-12T08:35:49.864052,PUBLIC_DUMMYJSON_API
0703e7b301c5449f4ffc07c748327c95,4,87,40,5,3.99,456.83,Daniel Oselu,2024-12-12T08:35:49.864052,Daniel Oselu,2024-12-12T08:35:49.864052,PUBLIC_DUMMYJSON_API
f8dc0a03eb12ea4cd4cacf75b9181af2,4,87,156,5,34.99,456.83,Daniel Oselu,2024-12-12T08:35:49.864052,Daniel Oselu,2024-12-12T08:35:49.864052,PUBLIC_DUMMYJSON_API
f79f5f6eaaa55f7b4d20005d21793c5e,4,87,62,2,5.99,456.83,Daniel Oselu,2024-12-12T08:35:49.864052,Daniel Oselu,2024-12-12T08:35:49.864052,PUBLIC_DUMMYJSON_API
d4e29cc16d705cd3c3114b2ca16e1dec,20,90,107,1,49.99,3534.78,Daniel Oselu,2024-12-12T08:35:49.864052,Daniel Oselu,2024-12-12T08:35:49.864052,PUBLIC_DUMMYJSON_API
72780e77fb56e17d88c9180f5fe5c356,20,90,193,3,799.99,3534.78,Daniel Oselu,2024-12-12T08:35:49.864052,Daniel Oselu,2024-12-12T08:35:49.864052,PUBLIC_DUMMYJSON_API
c4946c1fdd8539343ebe3066ffa7e257,20,90,100,3,129.99,3534.78,Daniel Oselu,2024-12-12T08:35:49.864052,Daniel Oselu,2024-12-12T08:35:49.864052,PUBLIC_DUMMYJSON_API
7338254fd91b6a6a3d29d8c4e7319d0b,20,90,90,5,89.99,3534.78,Daniel Oselu,2024-12-12T08:35:49.864052,Daniel Oselu,2024-12-12T08:35:49.864052,PUBLIC_DUMMYJSON_API
2555a36f70265fae831abadb6a07398d,20,90,118,5,8.99,3534.78,Daniel Oselu,2024-12-12T08:35:49.864052,Daniel Oselu,2024-12-12T08:35:49.864052,PUBLIC_DUMMYJSON_API
260ad8c4577aab554f9f7f8ecb2bbb55,20,90,166,5,39.99,3534.78,Daniel Oselu,2024-12-12T08:35:49.864052,Daniel Oselu,2024-12-12T08:35:49.864052,PUBLIC_DUMMYJSON_API
42d9c6a2ff3cd36f95a075e0346e6ac3,46,93,79,2,1799.99,3603.97,Daniel Oselu,2024-12-12T08:35:49.864052,Daniel Oselu,2024-12-12T08:35:49.864052,PUBLIC_DUMMYJSON_API
ed170071955f8e6c934893b3a8d7ee15,46,93,69,1,3.99,3603.97,Daniel Oselu,2024-12-12T08:35:49.864052,Daniel Oselu,2024-12-12T08:35:49.864052,PUBLIC_DUMMYJSON_API
a0985ac1a3521998ad9c28abfc4ea7ae,14,94,92,3,109.99,586.82,Daniel Oselu,2024-12-12T08:35:49.864052,Daniel Oselu,2024-12-12T08:35:49.864052,PUBLIC_DUMMYJSON_API
51559804a6859601fafb253eeef7a553,14,94,54,5,8.99,586.82,Daniel Oselu,2024-12-12T08:35:49.864052,Daniel Oselu,2024-12-12T08:35:49.864052,PUBLIC_DUMMYJSON_API
9068fb1631187ad11ef98fdf60777dc4,14,94,76,1,11.99,586.82,Daniel Oselu,2024-12-12T08:35:49.864052,Daniel Oselu,2024-12-12T08:35:49.864052,PUBLIC_DUMMYJSON_API
7d9ce9e1e44ed10d56d6e87270be8228,14,94,44,5,29.99,586.82,Daniel Oselu,2024-12-12T08:35:49.864052,Daniel Oselu,2024-12-12T08:35:49.864052,PUBLIC_DUMMYJSON_API
dc88d6998a418365e0d37fce61481a82,14,94,67,3,15.99,586.82,Daniel Oselu,2024-12-12T08:35:49.864052,Daniel Oselu,2024-12-12T08:35:49.864052,PUBLIC_DUMMYJSON_API
85bae8326c0eae9141e54e13830dc610,14,94,16,1,1.99,586.82,Daniel Oselu,2024-12-12T08:35:49.864052,Daniel Oselu,2024-12-12T08:35:49.864052,PUBLIC_DUMMYJSON_API
364dbe79f9e66cf4b8c19ebdc4f1b2db,3,108,98,1,13999.99,16775.87,Daniel Oselu,2024-12-12T08:35:49.864052,Daniel Oselu,2024-12-12T08:35:49.864052,PUBLIC_DUMMYJSON_API
7bbff27bc137501f8f8748a7e830b097,3,108,125,5,249.99,16775.87,Daniel Oselu,2024-12-12T08:35:49.864052,Daniel Oselu,2024-12-12T08:35:49.864052,PUBLIC_DUMMYJSON_API
2f3601debd0c93b60610207425c83f7e,3,108,55,2,6.99,16775.87,Daniel Oselu,2024-12-12T08:35:49.864052,Daniel Oselu,2024-12-12T08:35:49.864052,PUBLIC_DUMMYJSON_API
e7ea4976cfc1400889e8f4f146270d2f,3,108,62,2,5.99,16775.87,Daniel Oselu,2024-12-12T08:35:49.864052,Daniel Oselu,2024-12-12T08:35:49.864052,PUBLIC_DUMMYJSON_API
d6c69303fba4c067248fc3013bd8256c,3,108,132,3,499.99,16775.87,Daniel Oselu,2024-12-12T08:35:49.864052,Daniel Oselu,2024-12-12T08:35:49.864052,PUBLIC_DUMMYJSON_API
02c8a743760b73a9f86a428c11732aa9,25,118,4,1,12.99,412.98,Daniel Oselu,2024-12-12T08:35:49.864052,Daniel Oselu,2024-12-12T08:35:49.864052,PUBLIC_DUMMYJSON_API
13389f6192d428ccf42f12b616bc8c28,25,118,126,1,399.99,412.98,Daniel Oselu,2024-12-12T08:35:49.864052,Daniel Oselu,2024-12-12T08:35:49.864052,PUBLIC_DUMMYJSON_API
0c1df5376a781d43fb1fc75a0956f21d,5,134,108,2,29.99,7431.3,Daniel Oselu,2024-12-12T08:35:49.864052,Daniel Oselu,2024-12-12T08:35:49.864052,PUBLIC_DUMMYJSON_API
cb2651e5e291a5cad26639152aaa93d8,5,134,138,5,8.99,7431.3,Daniel Oselu,2024-12-12T08:35:49.864052,Daniel Oselu,2024-12-12T08:35:49.864052,PUBLIC_DUMMYJSON_API
816f1e78af53be343750cda63535dede,5,134,157,2,19.99,7431.3,Daniel Oselu,2024-12-12T08:35:49.864052,Daniel Oselu,2024-12-12T08:35:49.864052,PUBLIC_DUMMYJSON_API
57f63d38fd5439114eaceb6b8fce4d27,5,134,8,3,89.99,7431.3,Daniel Oselu,2024-12-12T08:35:49.864052,Daniel Oselu,2024-12-12T08:35:49.864052,PUBLIC_DUMMYJSON_API
7949b3b70faa1e2386bac7d79683f53e,5,134,80,5,1399.99,7431.3,Daniel Oselu,2024-12-12T08:35:49.864052,Daniel Oselu,2024-12-12T08:35:49.864052,PUBLIC_DUMMYJSON_API
1e7b043a181da7b2d4e6ee1c496d1cca,5,134,28,3,5.49,7431.3,Daniel Oselu,2024-12-12T08:35:49.864052,Daniel Oselu,2024-12-12T08:35:49.864052,PUBLIC_DUMMYJSON_API
8d42bb184257408df9e5d7b2c6376c2e,22,140,73,5,19.99,222.88,Daniel Oselu,2024-12-12T08:35:49.864052,Daniel Oselu,2024-12-12T08:35:49.864052,PUBLIC_DUMMYJSON_API
ee8f75d19d50b8c8557e3661fe66e2bf,22,140,2,2,19.99,222.88,Daniel Oselu,2024-12-12T08:35:49.864052,Daniel Oselu,2024-12-12T08:35:49.864052,PUBLIC_DUMMYJSON_API
2cb8a528231ef9fa9c2b31c031b43f60,22,140,69,2,3.99,222.88,Daniel Oselu,2024-12-12T08:35:49.864052,Daniel Oselu,2024-12-12T08:35:49.864052,PUBLIC_DUMMYJSON_API
55ff3c52cc5d75a77d452166ec5837d7,22,140,155,3,24.99,222.88,Daniel Oselu,2024-12-12T08:35:49.864052,Daniel Oselu,2024-12-12T08:35:49.864052,PUBLIC_DUMMYJSON_API
c09dd39076363c75b0f3fcb4eba6fa76,17,141,1,2,9.99,192.87,Daniel Oselu,2024-12-12T08:35:49.864052,Daniel Oselu,2024-12-12T08:35:49.864052,PUBLIC_DUMMYJSON_API
d51bf5f9359b4959b9c57b41418730c2,17,141,60,3,10.99,192.87,Daniel Oselu,2024-12-12T08:35:49.864052,Daniel Oselu,2024-12-12T08:35:49.864052,PUBLIC_DUMMYJSON_API
72660220cd560a09c1e46639796fed51,17,141,74,4,4.99,192.87,Daniel Oselu,2024-12-12T08:35:49.864052,Daniel Oselu,2024-12-12T08:35:49.864052,PUBLIC_DUMMYJSON_API
faa78911b293a482c06e49fd55470174,17,141,44,4,29.99,192.87,Daniel Oselu,2024-12-12T08:35:49.864052,Daniel Oselu,2024-12-12T08:35:49.864052,PUBLIC_DUMMYJSON_API
ad5f26b0bd679191cd102e6e568cd596,2,142,144,4,44.99,4794.8,Daniel Oselu,2024-12-12T08:35:49.864052,Daniel Oselu,2024-12-12T08:35:49.864052,PUBLIC_DUMMYJSON_API
0c18607e9cc973898bc13e1d320c4a50,2,142,124,4,899.99,4794.8,Daniel Oselu,2024-12-12T08:35:49.864052,Daniel Oselu,2024-12-12T08:35:49.864052,PUBLIC_DUMMYJSON_API
e09a5f366b4fcbbf7fdd0f3139cef5ed,2,142,148,4,9.99,4794.8,Daniel Oselu,2024-12-12T08:35:49.864052,Daniel Oselu,2024-12-12T08:35:49.864052,PUBLIC_DUMMYJSON_API
6a253831171d4f26cabd326f905248bc,2,142,122,3,299.99,4794.8,Daniel Oselu,2024-12-12T08:35:49.864052,Daniel Oselu,2024-12-12T08:35:49.864052,PUBLIC_DUMMYJSON_API
a200411dcc1d1af2e318c8b4ef0c33d4,2,142,110,5,14.99,4794.8,Daniel Oselu,2024-12-12T08:35:49.864052,Daniel Oselu,2024-12-12T08:35:49.864052,PUBLIC_DUMMYJSON_API
bb94b75248606e31a07904abbb5aad47,31,143,41,4,2.49,4749.87,Daniel Oselu,2024-12-12T08:35:49.864052,Daniel Oselu,2024-12-12T08:35:49.864052,PUBLIC_DUMMYJSON_API
f386d87e27eb2fc29a0ac027025188a2,31,143,10,3,79.99,4749.87,Daniel Oselu,2024-12-12T08:35:49.864052,Daniel Oselu,2024-12-12T08:35:49.864052,PUBLIC_DUMMYJSON_API
e2445e1611257b6044d7574a4cf07231,31,143,124,3,899.99,4749.87,Daniel Oselu,2024-12-12T08:35:49.864052,Daniel Oselu,2024-12-12T08:35:49.864052,PUBLIC_DUMMYJSON_API
8a4eb2d77a3c377042af67bb7aaf8616,31,143,160,3,599.99,4749.87,Daniel Oselu,2024-12-12T08:35:49.864052,Daniel Oselu,2024-12-12T08:35:49.864052,PUBLIC_DUMMYJSON_API
4eb491d27ac345ec4a217be5090da51c,23,147,82,5,1499.99,7757.8,Daniel Oselu,2024-12-12T08:35:49.864052,Daniel Oselu,2024-12-12T08:35:49.864052,PUBLIC_DUMMYJSON_API
31ea6a73ab46c0fd2cb078bf99c3b1d7,23,147,172,4,49.99,7757.8,Daniel Oselu,2024-12-12T08:35:49.864052,Daniel Oselu,2024-12-12T08:35:49.864052,PUBLIC_DUMMYJSON_API
105471ff7ce1c827b2012b0edef1e660,23,147,41,2,2.49,7757.8,Daniel Oselu,2024-12-12T08:35:49.864052,Daniel Oselu,2024-12-12T08:35:49.864052,PUBLIC_DUMMYJSON_API
f45bd48a94d175a89955bb80103eddac,23,147,37,4,1.99,7757.8,Daniel Oselu,2024-12-12T08:35:49.864052,Daniel Oselu,2024-12-12T08:35:49.864052,PUBLIC_DUMMYJSON_API
8cfafa66dfc6797e8cebcfa22d35ad85,23,147,138,5,8.99,7757.8,Daniel Oselu,2024-12-12T08:35:49.864052,Daniel Oselu,2024-12-12T08:35:49.864052,PUBLIC_DUMMYJSON_API
26e03ecc1e10a96eddc00e0128e217a8,28,147,1,5,9.99,209.91,Daniel Oselu,2024-12-12T08:35:49.864052,Daniel Oselu,2024-12-12T08:35:49.864052,PUBLIC_DUMMYJSON_API
aae1a857f9a19a9be1a6a8fa1947402b,28,147,141,4,39.99,209.91,Daniel Oselu,2024-12-12T08:35:49.864052,Daniel Oselu,2024-12-12T08:35:49.864052,PUBLIC_DUMMYJSON_API
69a984246f5ebf1b8c784e21e847365e,6,150,172,5,49.99,35199.86,Daniel Oselu,2024-12-12T08:35:49.864052,Daniel Oselu,2024-12-12T08:35:49.864052,PUBLIC_DUMMYJSON_API
4fdd7facdc2c0a6a0279c8d2cd4af65b,6,150,112,3,499.99,35199.86,Daniel Oselu,2024-12-12T08:35:49.864052,Daniel Oselu,2024-12-12T08:35:49.864052,PUBLIC_DUMMYJSON_API
adea00c54b6a12e83ef8b48a5d7cc563,6,150,97,3,10999.99,35199.86,Daniel Oselu,2024-12-12T08:35:49.864052,Daniel Oselu,2024-12-12T08:35:49.864052,PUBLIC_DUMMYJSON_API
95bebc64f91dc2bc44f25fd6a122a30e,6,150,128,3,149.99,35199.86,Daniel Oselu,2024-12-12T08:35:49.864052,Daniel Oselu,2024-12-12T08:35:49.864052,PUBLIC_DUMMYJSON_API
bf1120adc018e081c6f339cd13481621,35,153,104,5,19.99,417.87,Daniel Oselu,2024-12-12T08:35:49.864052,Daniel Oselu,2024-12-12T08:35:49.864052,PUBLIC_DUMMYJSON_API
057cc2b599e60cb1f2aee455ef11f1ec,35,153,54,2,8.99,417.87,Daniel Oselu,2024-12-12T08:35:49.864052,Daniel Oselu,2024-12-12T08:35:49.864052,PUBLIC_DUMMYJSON_API
aa5a84eb9b195b2010aa6e613e9e16c2,35,153,152,1,49.99,417.87,Daniel Oselu,2024-12-12T08:35:49.864052,Daniel Oselu,2024-12-12T08:35:49.864052,PUBLIC_DUMMYJSON_API
0a2cfe5dc593eaa65f9c0ba54768f3dc,35,153,56,5,49.99,417.87,Daniel Oselu,2024-12-12T08:35:49.864052,Daniel Oselu,2024-12-12T08:35:49.864052,PUBLIC_DUMMYJSON_API
c85c2990cf95021934b72bb4ded74491,10,160,190,5,4999.99,29499.92,Daniel Oselu,2024-12-12T08:35:49.864052,Daniel Oselu,2024-12-12T08:35:49.864052,PUBLIC_DUMMYJSON_API
00a4329a34bbb3e6dfa3e077d8b7321d,10,160,94,3,1499.99,29499.92,Daniel Oselu,2024-12-12T08:35:49.864052,Daniel Oselu,2024-12-12T08:35:49.864052,PUBLIC_DUMMYJSON_API
d7fed7d038000336d0a77bbb04a665f9,32,164,134,2,249.99,65519.87,Daniel Oselu,2024-12-12T08:35:49.864052,Daniel Oselu,2024-12-12T08:35:49.864052,PUBLIC_DUMMYJSON_API
cd8da7b2560348ce2027cbc3464d44c0,32,164,97,5,10999.99,65519.87,Daniel Oselu,2024-12-12T08:35:49.864052,Daniel Oselu,2024-12-12T08:35:49.864052,PUBLIC_DUMMYJSON_API
1bb7a30342ed18770bb1f8b2434774e2,32,164,190,2,4999.99,65519.87,Daniel Oselu,2024-12-12T08:35:49.864052,Daniel Oselu,2024-12-12T08:35:49.864052,PUBLIC_DUMMYJSON_API
c37a8ac474defaa51742a3117da01fd1,32,164,20,4,4.99,65519.87,Daniel Oselu,2024-12-12T08:35:49.864052,Daniel Oselu,2024-12-12T08:35:49.864052,PUBLIC_DUMMYJSON_API
e99dba4552f0c0e6aa3b37a4a91d7dd6,29,170,80,2,1399.99,3862.43,Daniel Oselu,2024-12-12T08:35:49.864052,Daniel Oselu,2024-12-12T08:35:49.864052,PUBLIC_DUMMYJSON_API
d22dd05f2ba151429f12ad73fe044972,29,170,107,4,49.99,3862.43,Daniel Oselu,2024-12-12T08:35:49.864052,Daniel Oselu,2024-12-12T08:35:49.864052,PUBLIC_DUMMYJSON_API
70a9e4dcdb8a8cdb8fe6575cb11c9cb1,29,170,25,2,1.29,3862.43,Daniel Oselu,2024-12-12T08:35:49.864052,Daniel Oselu,2024-12-12T08:35:49.864052,PUBLIC_DUMMYJSON_API
50d9abfbfd5d4ba3a6472799bcc620ab,29,170,121,4,199.99,3862.43,Daniel Oselu,2024-12-12T08:35:49.864052,Daniel Oselu,2024-12-12T08:35:49.864052,PUBLIC_DUMMYJSON_API
22253e66a27cf24a24c783d1dcb52b60,29,170,153,5,11.99,3862.43,Daniel Oselu,2024-12-12T08:35:49.864052,Daniel Oselu,2024-12-12T08:35:49.864052,PUBLIC_DUMMYJSON_API
8ab53725e20625872fb73194714cc865,11,172,88,1,149.99,568.36,Daniel Oselu,2024-12-12T08:35:49.864052,Daniel Oselu,2024-12-12T08:35:49.864052,PUBLIC_DUMMYJSON_API
473837fcf472db292afc71af6e7414c3,11,172,32,3,3.49,568.36,Daniel Oselu,2024-12-12T08:35:49.864052,Daniel Oselu,2024-12-12T08:35:49.864052,PUBLIC_DUMMYJSON_API
e865d115692633af532a7b114aa16580,11,172,74,3,4.99,568.36,Daniel Oselu,2024-12-12T08:35:49.864052,Daniel Oselu,2024-12-12T08:35:49.864052,PUBLIC_DUMMYJSON_API
c098de3fdc9b06243a530a043d7c175d,11,172,145,3,29.99,568.36,Daniel Oselu,2024-12-12T08:35:49.864052,Daniel Oselu,2024-12-12T08:35:49.864052,PUBLIC_DUMMYJSON_API
81ab8241bfac62d36a543ae90696bd07,11,172,26,3,0.99,568.36,Daniel Oselu,2024-12-12T08:35:49.864052,Daniel Oselu,2024-12-12T08:35:49.864052,PUBLIC_DUMMYJSON_API
4ce328f9e898dfdfec5013c7ba8aa5cc,11,172,127,1,299.99,568.36,Daniel Oselu,2024-12-12T08:35:49.864052,Daniel Oselu,2024-12-12T08:35:49.864052,PUBLIC_DUMMYJSON_API
e43ffbdaab7a7321332fdf6084978963,36,176,26,1,0.99,1875.89,Daniel Oselu,2024-12-12T08:35:49.864052,Daniel Oselu,2024-12-12T08:35:49.864052,PUBLIC_DUMMYJSON_API
efdab569e4e0f22d21447a52285189b5,36,176,165,5,24.99,1875.89,Daniel Oselu,2024-12-12T08:35:49.864052,Daniel Oselu,2024-12-12T08:35:49.864052,PUBLIC_DUMMYJSON_API
aa9effa0f056e50ef1262ca24b28a326,36,176,106,5,349.99,1875.89,Daniel Oselu,2024-12-12T08:35:49.864052,Daniel Oselu,2024-12-12T08:35:49.864052,PUBLIC_DUMMYJSON_API
06de68e38a914d9b069bccda3bb5c076,30,177,181,1,179.99,128249.07,Daniel Oselu,2024-12-12T08:35:49.864052,Daniel Oselu,2024-12-12T08:35:49.864052,PUBLIC_DUMMYJSON_API
2dc237637b56a9bf4f738f11a7b5f981,30,177,171,4,31999.99,128249.07,Daniel Oselu,2024-12-12T08:35:49.864052,Daniel Oselu,2024-12-12T08:35:49.864052,PUBLIC_DUMMYJSON_API
882344f027d131cc3bc9dcaae25a190b,30,177,35,4,2.29,128249.07,Daniel Oselu,2024-12-12T08:35:49.864052,Daniel Oselu,2024-12-12T08:35:49.864052,PUBLIC_DUMMYJSON_API
424e8284f36dd6ffe725cd06d6ff91c8,30,177,46,4,14.99,128249.07,Daniel Oselu,2024-12-12T08:35:49.864052,Daniel Oselu,2024-12-12T08:35:49.864052,PUBLIC_DUMMYJSON_API
fd0ae302496807e5d6e3c626214c3da3,33,181,105,2,99.99,229.93,Daniel Oselu,2024-12-12T08:35:49.864052,Daniel Oselu,2024-12-12T08:35:49.864052,PUBLIC_DUMMYJSON_API
1685caf2d43bb31912619817971feb98,33,181,49,5,5.99,229.93,Daniel Oselu,2024-12-12T08:35:49.864052,Daniel Oselu,2024-12-12T08:35:49.864052,PUBLIC_DUMMYJSON_API
6af1de03e3ec80221f15bcf01ae6d294,41,184,25,4,1.29,944.0,Daniel Oselu,2024-12-12T08:35:49.864052,Daniel Oselu,2024-12-12T08:35:49.864052,PUBLIC_DUMMYJSON_API
82aa2e8123ff4c322a756f912d8518b5,41,184,50,1,9.99,944.0,Daniel Oselu,2024-12-12T08:35:49.864052,Daniel Oselu,2024-12-12T08:35:49.864052,PUBLIC_DUMMYJSON_API
9272a1093bb26c68d00d95c295a65539,41,184,151,4,6.99,944.0,Daniel Oselu,2024-12-12T08:35:49.864052,Daniel Oselu,2024-12-12T08:35:49.864052,PUBLIC_DUMMYJSON_API
631519724be98a18aefd5ea175155e9b,41,184,42,1,0.99,944.0,Daniel Oselu,2024-12-12T08:35:49.864052,Daniel Oselu,2024-12-12T08:35:49.864052,PUBLIC_DUMMYJSON_API
e911c8adc82825586df0db55b96ba304,41,184,10,5,79.99,944.0,Daniel Oselu,2024-12-12T08:35:49.864052,Daniel Oselu,2024-12-12T08:35:49.864052,PUBLIC_DUMMYJSON_API
f5bfdebfb43f8cd6035818ac40b23451,41,184,103,5,99.99,944.0,Daniel Oselu,2024-12-12T08:35:49.864052,Daniel Oselu,2024-12-12T08:35:49.864052,PUBLIC_DUMMYJSON_API
a1c56181a21bfb83f04b322eb50a81cc,40,187,138,1,8.99,98499.82,Daniel Oselu,2024-12-12T08:35:49.864052,Daniel Oselu,2024-12-12T08:35:49.864052,PUBLIC_DUMMYJSON_API
27c4d9572bf23ece164a66f0477cd2ed,40,187,51,2,39.99,98499.82,Daniel Oselu,2024-12-12T08:35:49.864052,Daniel Oselu,2024-12-12T08:35:49.864052,PUBLIC_DUMMYJSON_API
58925b6c82b1054ed0f75dead4a0b580,40,187,101,4,549.99,98499.82,Daniel Oselu,2024-12-12T08:35:49.864052,Daniel Oselu,2024-12-12T08:35:49.864052,PUBLIC_DUMMYJSON_API
436293a658dee7090a715fb86e0889c2,40,187,153,3,11.99,98499.82,Daniel Oselu,2024-12-12T08:35:49.864052,Daniel Oselu,2024-12-12T08:35:49.864052,PUBLIC_DUMMYJSON_API
28d986841f15d5d8cf2ecd28b708394c,40,187,164,5,34.99,98499.82,Daniel Oselu,2024-12-12T08:35:49.864052,Daniel Oselu,2024-12-12T08:35:49.864052,PUBLIC_DUMMYJSON_API
43caa55094a3af01d97824fe0465e0f1,40,187,171,3,31999.99,98499.82,Daniel Oselu,2024-12-12T08:35:49.864052,Daniel Oselu,2024-12-12T08:35:49.864052,PUBLIC_DUMMYJSON_API
ab6bb178379bdc5008837977ab8e13d0,18,189,127,4,299.99,1464.78,Daniel Oselu,2024-12-12T08:35:49.864052,Daniel Oselu,2024-12-12T08:35:49.864052,PUBLIC_DUMMYJSON_API
432e9306446bf4750c157f7c3fa23b7a,18,189,24,3,14.99,1464.78,Daniel Oselu,2024-12-12T08:35:49.864052,Daniel Oselu,2024-12-12T08:35:49.864052,PUBLIC_DUMMYJSON_API
4c1ad3b8bea2a4d53b91f909df8fe855,18,189,20,5,4.99,1464.78,Daniel Oselu,2024-12-12T08:35:49.864052,Daniel Oselu,2024-12-12T08:35:49.864052,PUBLIC_DUMMYJSON_API
e4d73e439cceee68ddce314f9c668370,18,189,154,3,29.99,1464.78,Daniel Oselu,2024-12-12T08:35:49.864052,Daniel Oselu,2024-12-12T08:35:49.864052,PUBLIC_DUMMYJSON_API
7efb2a992a400a55e6080389ddaac995,18,189,44,2,29.99,1464.78,Daniel Oselu,2024-12-12T08:35:49.864052,Daniel Oselu,2024-12-12T08:35:49.864052,PUBLIC_DUMMYJSON_API
bce10c37d6db96926c5348789c0f4a44,18,189,5,5,8.99,1464.78,Daniel Oselu,2024-12-12T08:35:49.864052,Daniel Oselu,2024-12-12T08:35:49.864052,PUBLIC_DUMMYJSON_API
df06b114f448073f882ac3ac004561a0,9,194,178,2,89.99,65529.87,Daniel Oselu,2024-12-12T08:35:49.864052,Daniel Oselu,2024-12-12T08:35:49.864052,PUBLIC_DUMMYJSON_API
c4e14b3581d2655e6d44cdb4b482ed73,9,194,191,4,15999.99,65529.87,Daniel Oselu,2024-12-12T08:35:49.864052,Daniel Oselu,2024-12-12T08:35:49.864052,PUBLIC_DUMMYJSON_API
f9b49bca248ab49e6662431f7723584f,9,194,47,2,49.99,65529.87,Daniel Oselu,2024-12-12T08:35:49.864052,Daniel Oselu,2024-12-12T08:35:49.864052,PUBLIC_DUMMYJSON_API
399c687d3e20e13fa94c71dadfc5d975,9,194,134,5,249.99,65529.87,Daniel Oselu,2024-12-12T08:35:49.864052,Daniel Oselu,2024-12-12T08:35:49.864052,PUBLIC_DUMMYJSON_API
01b121672edb2f234fb01618088f504e,16,200,19,2,9.99,172.24,Daniel Oselu,2024-12-12T08:35:49.864052,Daniel Oselu,2024-12-12T08:35:49.864052,PUBLIC_DUMMYJSON_API
6ddbebaf166291298ecfa0d87dcf9b59,16,200,152,3,49.99,172.24,Daniel Oselu,2024-12-12T08:35:49.864052,Daniel Oselu,2024-12-12T08:35:49.864052,PUBLIC_DUMMYJSON_API
c8d00863800d61971800a5796bfef82d,16,200,35,1,2.29,172.24,Daniel Oselu,2024-12-12T08:35:49.864052,Daniel Oselu,2024-12-12T08:35:49.864052,PUBLIC_DUMMYJSON_API
1a441921e273dbf1bb7dddaa92d8c1ff,12,202,63,4,7.99,931.91,Daniel Oselu,2024-12-12T08:35:49.864052,Daniel Oselu,2024-12-12T08:35:49.864052,PUBLIC_DUMMYJSON_API
a0b2352088052b250876220f8179d9c6,12,202,181,5,179.99,931.91,Daniel Oselu,2024-12-12T08:35:49.864052,Daniel Oselu,2024-12-12T08:35:49.864052,PUBLIC_DUMMYJSON_API
e4c71ba7b0281754fe02201a3c8e244e,34,203,89,5,79.99,830.83,Daniel Oselu,2024-12-12T08:35:49.864052,Daniel Oselu,2024-12-12T08:35:49.864052,PUBLIC_DUMMYJSON_API
be49647af6b8b78d76e5b09f0696e9dd,34,203,93,4,89.99,830.83,Daniel Oselu,2024-12-12T08:35:49.864052,Daniel Oselu,2024-12-12T08:35:49.864052,PUBLIC_DUMMYJSON_API
224448d5220f2596f700ffc4adf519d6,34,203,55,3,6.99,830.83,Daniel Oselu,2024-12-12T08:35:49.864052,Daniel Oselu,2024-12-12T08:35:49.864052,PUBLIC_DUMMYJSON_API
d0befc52255ff51ee2521c77e88c4a0a,34,203,57,5,9.99,830.83,Daniel Oselu,2024-12-12T08:35:49.864052,Daniel Oselu,2024-12-12T08:35:49.864052,PUBLIC_DUMMYJSON_API